{"camera_matrix": [[600.8138367356814, 0.0, 325.1122041768821], [0.0, 600.9565168478072, 247.405852878688], [0.0, 0.0, 1.0]], "dist_coeff": [[-0.037342517426394946, 1.2394815860950874, 0.0013517230362343432, -0.0012147647659647588, -4.268214730402286]], "R": [[[0.9623363601522325, -0.10261327487324072, 0.2517523500361844], [0.21014396566748655, 0.8682713935889025, -0.44938213223127527], [-0.17247679154742818, 0.4853610026516077, 0.8571326930426415]], [[0.266745225281482, -0.9636646304174282, 0.014052219467861254], [0.9281932619139158, 0.2529471845548087, -0.2729010633240558], [0.25943063297755764, 0.08583823104093562, 0.96193947042661]], [[0.9888117267401395, 0.03575306898749002, 0.14482087943096933], [0.08352040821435788, 0.6717082045866263, -0.736092677115265], [-0.12359494517532099, 0.7399525700671542, 0.6612068387260696]], [[0.8461955232450237, -0.35925391258482786, 0.39356036732955413], [0.24599867578374737, 0.9185185633741639, 0.30952915896520117], [-0.47269206461788993, -0.16510685942611497, 0.8656222831106658]], [[0.4993977202699352, -0.8532133931569409, 0.150428796202093], [0.8451965049292224, 0.517945512323243, 0.1318154555416024], [-0.19038063201024027, 0.06131355479690006, 0.9797937859333202]], [[0.4290297766638212, -0.9032674036690479, 0.006438028018640754], [0.8882471420978472, 0.42316942306656485, 0.17873067430219475], [-0.16416596873529626, -0.0709622212905413, 0.9838769729283807]], [[0.8700772527184627, -0.4494395744543775, 0.20240959269797582], [0.47724336620021307, 0.8708351167879507, -0.117834497439441], [-0.12330589491091554, 0.19912375117796557, 0.9721858814018202]], [[0.38377438131046177, -0.8765560611317416, -0.2904594566251526], [0.9156757649951475, 0.32056788800293223, 0.24243374885087882], [-0.11939479741732371, -0.3590065471193334, 0.9256668847242674]], [[0.9754587136613229, -0.06540584506297008, -0.21024360483447768], [0.1390913447408167, 0.923259163804841, 0.3581146663689957], [0.1706865424114875, -0.3785691375191387, 0.9096985832448168]], [[0.88803074286424, 0.07490350769544343, -0.4536417796708153], [0.1515520070333565, 0.8838174545226608, 0.4426044467074926], [0.4340891485537819, -0.46179667778796635, 0.7735052937710574]], [[0.5614173623094584, -0.5651091128904676, -0.6045347267325833], [0.7736265694214125, 0.6177599556107645, 0.14097719081129048], [0.29378985071432767, -0.5468311693493115, 0.7840045891736336]], [[0.7044254603582114, -0.7063606043901035, 0.06956628037181246], [0.6758881873381261, 0.6974854319300616, 0.23809500301794978], [-0.21670239734692393, -0.12070115496954882, 0.9687472849887699]], [[0.88803074286424, 0.07490350769544346, -0.4536417796708154], [0.15155200703335656, 0.8838174545226609, 0.4426044467074926], [0.434089148553782, -0.46179667778796635, 0.7735052937710574]], [[0.5614173623094584, -0.5651091128904676, -0.6045347267325833], [0.7736265694214125, 0.6177599556107645, 0.14097719081129037], [0.2937898507143277, -0.5468311693493114, 0.7840045891736336]], [[0.7044254603582114, -0.7063606043901035, 0.06956628037181255], [0.6758881873381261, 0.6974854319300617, 0.2380950030179498], [-0.21670239734692398, -0.12070115496954878, 0.9687472849887699]]], "tvecs": [[[-0.025664278815838715], [-0.05334840393375398], [0.3879454307394774]], [[0.07323874143844203], [-0.08646983716423466], [0.30603182243410393]], [[-0.08017464196283437], [-0.05364681846018656], [0.17349905001403587]], [[0.052560033436789194], [-0.1452414957610252], [0.524226959370824]], [[0.11858277902323174], [-0.25413353348386414], [1.0522858644333517]], [[0.11533623410725485], [-0.13425238947974627], [0.6843143937393447]], [[-0.005307107481131473], [-0.10498347986588986], [0.2890240611786332]], [[0.06852376991854568], [-0.11329123841902011], [0.3224904383247649]], [[0.03739041324857206], [-0.1522763176725206], [0.5537989600815717]], [[-0.09075176188266793], [-0.1002317732134212], [0.348904160320203]], [[0.026928200331226598], [-0.12016764955386582], [0.36394067587964235]], [[0.02568532000854992], [-0.1111188228261353], [0.347691745055356]], [[-0.09075176188266793], [-0.1002317732134212], [0.348904160320203]], [[0.026928200331226608], [-0.12016764955386583], [0.36394067587964235]], [[0.02568532000854993], [-0.1111188228261353], [0.347691745055356]]]}