{"camera_matrix": [[600.6443447762052, 0.0, 321.78585246809075], [0.0, 600.2708893697231, 245.23054429554102], [0.0, 0.0, 1.0]], "dist_coeff": [[-0.015687829307581103, 0.9430366416967747, 0.0004723271469613002, -0.0034048001397661456, -2.9418039129131937]], "R": [[[0.9613556028303292, -0.10008005635042541, 0.256474925144019], [0.20950686827875062, 0.8703259211644342, -0.44569009759395534], [-0.17861208539951795, 0.48219993080689555, 0.8576601597830347]], [[0.26798668824939975, -0.9632428204381609, 0.01861192616190148], [0.9293086767909899, 0.2533539969247004, -0.26869524648429954], [0.25410336117827836, 0.08930297372773184, 0.9630454094804075]], [[0.38034721318825937, -0.9244526088744162, -0.026895564043357245], [0.8557776365447815, 0.3628216475885272, -0.3687886777423819], [0.35068594812132486, 0.11725112360413495, 0.9291240712648743]], [[0.3895178122817346, -0.9205955994324893, -0.02792160849211764], [0.849377467005624, 0.37077657135235836, -0.37560970791407844], [0.35613732247317353, 0.12259068660271555, 0.926357237300985]], [[0.9901470507422929, 0.03119872073494698, 0.1365117494241504], [0.08126464077315448, 0.6658882181222326, -0.7416123914323492], [-0.1140389234706703, 0.745398900448948, 0.6567919024646619]], [[0.9880932429739984, 0.03978144345516702, 0.14862429123716794], [0.08314282743737872, 0.6747385241172051, -0.7333588441669291], [-0.12945660830890568, 0.7369839623958986, 0.6633970347660558]], [[0.8434914211188094, -0.36032024632083454, 0.3983610706259641], [0.24513736958378193, 0.9181196376696836, 0.3113904317072587], [-0.4779433988795279, -0.16500197276572715, 0.8627539953259576]], [[0.4979679202787046, -0.8530219439727724, 0.1561458083786249], [0.8449809052365422, 0.5177752423823136, 0.13385091767175175], [-0.19502620377512198, 0.06528676341226386, 0.9786227150256712]], [[0.42814066652656996, -0.9036559927960589, 0.010070568502004343], [0.8881819525142903, 0.4228140249839372, 0.17989196620412362], [-0.16681843091843135, -0.06807456911836955, 0.9836348225562477]], [[0.8694886916364585, -0.44862707014931874, 0.20669583219203475], [0.47688349788150647, 0.8714679107345977, -0.1145679274848525], [-0.1287305113973325, 0.19818534882557148, 0.9716743399649226]], [[0.3827405145478498, -0.8783197514589176, -0.28646834505891294], [0.9155974000372555, 0.31925496155226923, 0.2444538209340921], [-0.12325217875828903, -0.35585205313641843, 0.926379089093623]], [[0.9761762773396016, -0.0680040423252054, -0.20604690191029087], [0.14029344507826358, 0.922232331750747, 0.3602849921127053], [0.1655222789459763, -0.3806086920986061, 0.9098018458277158]], [[0.8900361253355339, 0.07222383420696712, -0.4501326619677295], [0.1531484871742026, 0.8826234763050731, 0.444433729538388], [0.42939636290257843, -0.46449921081482204, 0.7745058080340292]], [[0.5625543219436526, -0.5679808446440784, -0.6007748288501411], [0.7747716757403373, 0.6157849105140688, 0.1433101338136626], [0.28855066337304924, -0.5460830560460372, 0.7864679335906797]], [[0.7033710754763018, -0.7069512075265386, 0.07408859804368988], [0.6756762379629871, 0.6973203455465609, 0.23917766856253492], [-0.22075042839255238, -0.11817074876463234, 0.9681450937235134]]], "tvecs": [[[-0.023492671886095277], [-0.05194605617947775], [0.38841883692474133]], [[0.07496235303308003], [-0.0853844034816022], [0.3060118072973736]], [[0.042229680473058424], [-0.08561708231457099], [0.21358124065498696]], [[0.036237758738262536], [-0.08604688525324518], [0.21592705990559202]], [[-0.0868147421721104], [-0.06125127320215995], [0.16545843070958186]], [[-0.07920258852750124], [-0.05304970315696888], [0.17417818314773403]], [[0.05553085066704375], [-0.14344416298383136], [0.5244559999262348]], [[0.12449841601779917], [-0.2503933097846135], [1.0520754196551132]], [[0.11913381755975021], [-0.1318092289021758], [0.6838549318423801]], [[-0.0036834604523285695], [-0.10393585097797525], [0.2893551270797632]], [[0.07032840923901236], [-0.11215011796628697], [0.32235246612525126]], [[0.04054263873629825], [-0.15035100780307406], [0.5539630070321795]], [[-0.08875892454334952], [-0.09901517121132078], [0.3494902422661111]], [[0.02896685251851706], [-0.11885822234594683], [0.36397553800809973]], [[0.02760618990908549], [-0.10991697103763443], [0.3477053404565359]]]}