{"camera_matrix": [[600.9941468890012, 0.0, 323.59572196947823], [0.0, 601.0957889128292, 246.46474465588807], [0.0, 0.0, 1.0]], "dist_coeff": [[-0.03859092018430552, 1.2497386006553337, 0.00045638378087685464, -0.0021819038692994673, -4.282543080434756]], "R": [[[0.9618271173933746, -0.1013013610726769, 0.2542176832786713], [0.20994195929586917, 0.8690239422816661, -0.4480198226286902], [-0.17553623550071734, 0.484288573049225, 0.8571181995735373]], [[0.8891452420332858, 0.07368877765263843, -0.4516532991328961], [0.15222719180772015, 0.8831190572832807, 0.4437652676105071], [0.43156415588404107, -0.46332568967320326, 0.7740036722425453]], [[0.5621368807617675, -0.5665029947257624, -0.6025582828691123], [0.774146022479289, 0.6168003041707792, 0.14232118835342142], [0.2910327527391485, -0.5464720868823739, 0.785282239129026]], [[0.7039024465982284, -0.7066968231226115, 0.07142090633306487], [0.6756076579212119, 0.6971715579194635, 0.23980431894851853], [-0.21926157490824244, -0.12054633555839192, 0.9681905508484374]], [[0.2673704595585169, -0.9634524553622013, 0.016504654253067547], [0.9286585594760084, 0.25306884870000435, -0.2711999958141583], [0.2571114880113541, 0.08783805595640262, 0.9623815036971499]], [[0.988492801009178, 0.037609571700258526, 0.14651792542058817], [0.0833513825464454, 0.672866551202018, -0.7350531622278068], [-0.1262320457753341, 0.7388072308728614, 0.661988932104872]], [[0.8452414419086365, -0.359957809390243, 0.39496491026316066], [0.2455359860213839, 0.9180652535205523, 0.3112366781835823], [-0.4746356333533291, -0.16609203995743282, 0.8643693943066603]], [[0.4986518855242675, -0.8532447686360674, 0.15270776620158108], [0.8449044866654385, 0.5178014590789665, 0.1342313576937411], [-0.1936045078909697, 0.06208875720190629, 0.9791130071413708]], [[0.4284784404573825, -0.9035119046448259, 0.008512592336538144], [0.8879480411314542, 0.42280344691326033, 0.18106772635972113], [-0.16719599969503554, -0.07002487731759775, 0.9834337874217219]], [[0.8697550441423899, -0.4490293069593218, 0.2046920728325859], [0.4771061525737112, 0.8711138316619315, -0.11632029686851242], [-0.1260788735878463, 0.19883001226902186, 0.9718902941463715]], [[0.383392608172633, -0.8774328192992725, -0.28830843833491226], [0.9154913866903626, 0.3198050019157898, 0.2441316891462442], [-0.12200667561384766, -0.3575421770451308, 0.925893062259074]], [[0.975821314072592, -0.06660785324938834, -0.2081733817930325], [0.1397518269463461, 0.9224481387951349, 0.359942853934552], [0.16805412778863318, -0.3803325191446291, 0.9094531241434614]]], "tvecs": [[[-0.02468412500777223], [-0.052737472549161474], [0.38819376610586653]], [[-0.0898647206973714], [-0.09968065324286617], [0.34937841156715177]], [[0.027854618918818186], [-0.11958605420957069], [0.3641641455765417]], [[0.02657105606541919], [-0.11055906675986181], [0.3478984685433466]], [[0.0740191730098727], [-0.08598570440045779], [0.30608855532464946]], [[-0.07973269235638758], [-0.05336928132109508], [0.17383706494006118]], [[0.05391545047910933], [-0.1444059778677211], [0.5245234766783905]], [[0.12129709241606802], [-0.25243578588800963], [1.0527435692705027]], [[0.11708078914494907], [-0.13314155566571623], [0.6844525621240984]], [[-0.004562201025716095], [-0.10452090280313688], [0.28927796852335247]], [[0.06934702715093742], [-0.11275930414291514], [0.3225977977339608]], [[0.0388273320815683], [-0.1513879021434868], [0.5541368070093955]]]}