{"camera_matrix": [[600.4115753633538, 0.0, 323.0333413051689], [0.0, 599.7208719187357, 246.42816376330265], [0.0, 0.0, 1.0]], "dist_coeff": [[-0.010101467000445202, 0.8636387889058965, 0.0013231843586230187, -0.0023027235423261658, -2.642771495295546]]}