{"camera_matrix": [[600.4835345190337, 0.0, 321.3886521588754], [0.0, 600.3456090663371, 244.0042906453322], [0.0, 0.0, 1.0]], "dist_coeff": [[-0.014898767396967962, 0.9496233739011198, -0.0001483685587233514, -0.003602575652359479, -2.9835100739950877]], "R": [[[0.9613023844263918, -0.09980401442971337, 0.2567817836215164], [0.20915773054283537, 0.8710350976787531, -0.4444669868122218], [-0.17930635641355372, 0.4809750693284202, 0.8582028974748437]], [[0.8695767417746149, -0.4485537746169734, 0.2064843854665779], [0.47666004116138877, 0.8716957044408541, -0.11376204999641332], [-0.12896315491126945, 0.197347688449165, 0.9718139711586283]], [[0.9762834265935275, -0.06853517113125607, -0.20536212230304277], [0.1409090307003007, 0.9213053069254745, 0.3624102323307925], [0.1643633658267625, -0.3827524810487408, 0.9091123265169883]], [[0.8904546405422302, 0.07198284110750644, -0.44934285765203724], [0.15397074306847172, 0.8815194302341822, 0.44633676120004423], [0.42823304801912493, -0.46662829394036337, 0.7738698158466679]], [[0.5628592718386032, -0.5685759739824702, -0.599925663657759], [0.775388909194796, 0.6146151395030797, 0.144983688018047], [0.2862891538340595, -0.5467811190078671, 0.7868093341423212]], [[0.7031728797914121, -0.7071087209269157, 0.07446581709048505], [0.6752447072823086, 0.6969231249221433, 0.24154242533348885], [-0.22269370537372996, -0.11956343394974898, 0.9675288620237963]], [[0.26814374818044, -0.9631870032299944, 0.019228289590280112], [0.929544689024293, 0.2534317658990271, -0.26780405362882664], [0.2530723244815117, 0.08968353718561507, 0.9632815070058187]], [[0.38057359768705895, -0.9243765629453305, -0.026300315984911393], [0.8561657325812301, 0.3629540069935585, -0.3677562061488095], [0.34949102291357126, 0.11744087314345658, 0.9295502494314809]], [[0.38975600120523496, -0.9205125264645116, -0.02733035210945453], [0.8497717656907754, 0.3709246443598564, -0.3745702263145003], [0.3549340864995736, 0.12276643200987772, 0.9267956610883962]], [[0.9900855077226838, 0.03168912234916922, 0.13684475482185932], [0.08100074494824089, 0.6671200444668673, -0.7405334061258513], [-0.11475873263218546, 0.7442759204725518, 0.6579390454209191]], [[0.9880214636704787, 0.040258188348145235, 0.1489727008460606], [0.08286664037905878, 0.6759626204206657, -0.7322620130160478], [-0.1301795192752391, 0.7358354531177145, 0.6645295167984003]], [[0.8432663953624008, -0.3607550916066772, 0.3984439111498145], [0.2443582290166315, 0.9175693513417633, 0.3136168703850466], [-0.47873880390496737, -0.16709951932340678, 0.8619088746947253]], [[0.49770885449055147, -0.853163131056213, 0.15620040962834325], [0.8445054709753531, 0.5177352217590964, 0.1369698858974349], [-0.19772811043045974, 0.06374097549001323, 0.9781823359625654]], [[0.42781140352479863, -0.9038016552848854, 0.010953123684275284], [0.8877330604619545, 0.42242314664045083, 0.18299917635123883], [-0.17002181147427395, -0.06856568446884562, 0.9830520487422449]]], "tvecs": [[[-0.023232575627859048], [-0.051135810557736035], [0.3884568336470466]], [[-0.0034912569085970304], [-0.10332591571265475], [0.2894177973968893]], [[0.04095640355627921], [-0.14919859764715196], [0.5542482515672914]], [[-0.08854765879115709], [-0.09828147589242478], [0.34975101463616753]], [[0.029226369694437888], [-0.11811153727824053], [0.3642517262441988]], [[0.027852560480880903], [-0.1091959205406084], [0.34794724464598314]], [[0.0751666720014455], [-0.08472463899676819], [0.30598241053318864]], [[0.042371626759004424], [-0.08514443491426132], [0.21359766632060317]], [[0.03638054275248985], [-0.08556942912655308], [0.21594549927697307]], [[-0.08670717872745581], [-0.06088249899352499], [0.16556193768330874]], [[-0.07908908717804208], [-0.052669322491068614], [0.1742700403363458]], [[0.05592156496265833], [-0.14234893358210615], [0.5247105200781513]], [[0.12523187452631704], [-0.24816337734167063], [1.0523636739362878]], [[0.11962149812136065], [-0.13037020806418087], [0.6840557560317709]]]}