{"camera_matrix": [[600.9941468783733, 0.0, 323.59572172450555], [0.0, 601.0957888880752, 246.4647444075631], [0.0, 0.0, 1.0]], "dist_coeff": [[-0.03859092052569734, 1.2497386056277515, 0.00045638360628849747, -0.0021819040612754896, -4.28254309790565]], "R": [[[0.9618271173082739, -0.10130136086218362, 0.2542176836845255], [0.20994195924144077, 0.8690239424746394, -0.4480198222798849], [-0.1755362360321112, 0.484288572746977, 0.8571181996354847]], [[0.2673704596598315, -0.9634524553268219, 0.01650465467704837], [0.9286585595886981, 0.2530688487259051, -0.2711999954041098], [0.25711148749897306, 0.08783805626983768, 0.9623815038054306]], [[0.9884928009557586, 0.03760957200185729, 0.1465179257035672], [0.08335138250282248, 0.6728665515127767, -0.7350531619482852], [-0.12623204622245138, 0.7388072305744855, 0.6619889323526127]], [[0.845241441726011, -0.3599578095279039, 0.3949649105285273], [0.24553598588396455, 0.9180652534143456, 0.31123667860527426], [-0.4746356337496415, -0.16609204024614338, 0.8643693940335634]], [[0.49865188536147065, -0.8532447686323434, 0.15270776675398479], [0.8449044865937068, 0.5178014590593523, 0.13423135822091156], [-0.19360450862331546, 0.06208875741665859, 0.9791130069829427]], [[0.428478440354919, -0.9035119046898157, 0.008512592718894582], [0.8879480410627016, 0.422803446840311, 0.18106772686722317], [-0.16719600032275644, -0.07002487717757118, 0.9834337873249723]], [[0.8697550440876768, -0.4490293068872397, 0.20469207322319197], [0.47710615253851457, 0.871113831725508, -0.11632029653675618], [-0.12607887409847515, 0.19883001215326707, 0.9718902941038112]], [[0.3833926080986181, -0.8774328194536865, -0.2883084379633971], [0.9154913866490442, 0.31980500174179227, 0.24413168952911987], [-0.12200667615647007, -0.3575421768218217, 0.9258930622738046]], [[0.9758213141355017, -0.06660785347158894, -0.20817338142704506], [0.13975182708709194, 0.9224481386146295, 0.3599428543424983], [0.16805412730630037, -0.3803325195435078, 0.9094531240657789]], [[0.8891452422050938, 0.07368877745729985, -0.45165329882653743], [0.15222719198052206, 0.8831190571084574, 0.4437652678991389], [0.4315641554691148, -0.46332569003749163, 0.7740036722558311]], [[0.5621368808721215, -0.5665029949607776, -0.6025582825452085], [0.774146022610114, 0.6168003039316965, 0.14232118867796045], [0.2910327521780031, -0.5464720869085957, 0.785282239318744]], [[0.7039024465061177, -0.7066968231800614, 0.07142090667242446], [0.6756076578529988, 0.6971715578590993, 0.23980431931619095], [-0.21926157541413266, -0.12054633557070678, 0.9681905507323375]]], "tvecs": [[[-0.024684124849149027], [-0.052737472388124464], [0.38819376612053524]], [[0.0740191731361738], [-0.08598570427229695], [0.30608855531698387]], [[-0.07973269228428564], [-0.05336928124891581], [0.17383706498880802]], [[0.05391545070077662], [-0.14440597764809468], [0.5245234766948732]], [[0.12129709285585123], [-0.25243578544269063], [1.0527435692594496]], [[0.11708078942799653], [-0.1331415553766213], [0.684452562101446]], [[-0.004562200905548629], [-0.10452090268143116], [0.289277968547755]], [[0.0693470272866061], [-0.11275930400669629], [0.32259779774100206]], [[0.03882733231593542], [-0.15138790191216694], [0.5541368070326924]], [[-0.08986472055284388], [-0.09968065309872755], [0.34937841163241284]], [[0.027854619070170544], [-0.1195860540577604], [0.3641641456010122]], [[0.026571056209816896], [-0.11055906661544268], [0.34789846856287593]]]}