{"camera_matrix": [[600.6443447740702, 0.0, 321.78585243882196], [0.0, 600.2708893664945, 245.23054427312508], [0.0, 0.0, 1.0]], "dist_coeff": [[-0.015687829422471804, 0.9430366435674049, 0.00047232713060611195, -0.0034048001624619544, -2.9418039207070334]], "R": [[[0.961355602820408, -0.10008005632472396, 0.2564749251912357], [0.20950686827324821, 0.8703259211811704, -0.44569009756385997], [-0.17861208545937118, 0.48219993078202245, 0.8576601597845542]], [[0.8694886916304072, -0.44862707014057596, 0.20669583223646587], [0.47688349787807655, 0.871467910740196, -0.1145679274565454], [-0.12873051145091097, 0.19818534882074504, 0.9716743399588087]], [[0.3827405145395777, -0.8783197514772532, -0.2864683450137478], [0.915597400033225, 0.31925496153589866, 0.2444538209705678], [-0.12325217881391744, -0.3558520531058493, 0.9263790890979642]], [[0.9761762773470302, -0.06800404235063907, -0.20604690186670246], [0.14029344509211772, 0.9222323317334942, 0.36028499215147325], [0.165522278890423, -0.38060869213586634, 0.9098018458222352]], [[0.8900361253563274, 0.07222383418351919, -0.45013266193037715], [0.15314848718981092, 0.8826234762891313, 0.44443372956466914], [0.4293963628539115, -0.46449921084875984, 0.774505808040657]], [[0.5625543219576092, -0.5679808446724772, -0.600774828810224], [0.7747716757521357, 0.6157849104922145, 0.1433101338437839], [0.2885506633141611, -0.5460830560411437, 0.7864679336156833]], [[0.7033710754654827, -0.7069512075331186, 0.07408859808361692], [0.6756762379566701, 0.6973203455406345, 0.23917766859765865], [-0.22075042844635975, -0.11817074876023993, 0.9681450937117808]], [[0.2679866882617229, -0.9632428204337539, 0.018611926212537627], [0.929308676800834, 0.25335399692706323, -0.2686952464480247], [0.25410336112928, 0.08930297376856171, 0.9630454094895496]], [[0.3803472132062963, -0.9244526088683328, -0.026895563997386934], [0.8557776365583268, 0.3628216475937811, -0.3687886777057808], [0.3506859480687077, 0.11725112363584167, 0.9291240712807327]], [[0.38951781230032595, -0.9205955994260072, -0.02792160844647959], [0.8493774670195157, 0.37077657135825004, -0.37560970787684955], [0.3561373224197091, 0.12259068663357336, 0.9263572373174559]], [[0.9901470507366809, 0.031198720770767692, 0.13651174945666866], [0.08126464076960571, 0.6658882181501072, -0.7416123914077097], [-0.11403892352192539, 0.7453989004225474, 0.6567919024857246]], [[0.9880932429674865, 0.03978144349119543, 0.1486242912708174], [0.0831428274333836, 0.6747385241450974, -0.7333588441417194], [-0.12945660836117462, 0.7369839623684173, 0.6633970347863855]], [[0.8434914210963453, -0.3603202463368773, 0.39836107065901877], [0.24513736957156207, 0.9181196376589869, 0.3113904317484176], [-0.47794339892544085, -0.16500197279021422, 0.86275399529584]], [[0.4979679202588904, -0.8530219439720388, 0.15614580844582257], [0.8449809052297028, 0.5177752423795463, 0.13385091772563396], [-0.19502620385534766, 0.06528676344379714, 0.9786227150075797]], [[0.4281406665143338, -0.9036559928013004, 0.01007056855188758], [0.8881819525073131, 0.4228140249766573, 0.17989196625568277], [-0.16681843098698396, -0.06807456909400782, 0.9836348225463076]]], "tvecs": [[[-0.02349267186718661], [-0.05194605616484557], [0.3884188369246297]], [[-0.0036834604379998707], [-0.10393585096692874], [0.2893551270808039]], [[0.07032840925516112], [-0.11215011795389665], [0.32235246612427054]], [[0.04054263876425788], [-0.15035100778211355], [0.5539630070324022]], [[-0.0887589245261043], [-0.09901517119828962], [0.34949024227197933]], [[0.02896685253657627], [-0.11885822233221088], [0.36397553800896876]], [[0.02760618992629872], [-0.1099169710245379], [0.347705340457024]], [[0.0749623530481339], [-0.08538440346998738], [0.30601180729444577]], [[0.04222968048355324], [-0.0856170823065595], [0.21358124065477727]], [[0.03623775874884136], [-0.08604688524519286], [0.21592705990578534]], [[-0.08681474216387218], [-0.061251273195900166], [0.1654584307147087]], [[-0.07920258851888429], [-0.05304970315041218], [0.17417818315234704]], [[0.05553085069350646], [-0.14344416296382717], [0.5244559999255345]], [[0.124498416070286], [-0.25039330974399837], [1.0520754196480648]], [[0.11913381759355073], [-0.1318092288759074], [0.6838549318365664]]]}