{"camera_matrix": [[600.6443447762052, 0.0, 321.78585246809075], [0.0, 600.2708893697231, 245.23054429554102], [0.0, 0.0, 1.0]], "dist_coeff": [[-0.015687829307581103, 0.9430366416967747, 0.0004723271469613002, -0.0034048001397661456, -2.9418039129131937]], "R": [