{"camera_matrix": [[600.6443433252073, 0.0, 321.7858459233392], [0.0, 600.2708925470552, 245.23051651376232], [0.0, 0.0, 1.0]], "dist_coeff": [[-0.01568865407766463, 0.9430496095188816, 0.0004723304668721822, -0.003404805067506161, -2.941848102276247]], "rvecs": [[[0.4895656056847766], [0.22955698755684936], [0.16334167596446778]], [[0.24466758826720042], [-0.16094249362993251], [1.2934311659484476]], [[0.31686031078623905], [-0.24615389672209667], [1.160572305484366]], [[0.32366033922195775], [-0.24950729928524795], [1.1498788650941831]], [[0.8423966458169514], [0.14193777690235998], [0.028362496790365243]], [[0.8307426897731945], [0.15711553593000738], [0.02449914524708205]], [[-0.25432743298193544], [0.46782494068430336], [0.3232303113764717]], [[-0.04150488676822207], [0.2125797695414564], [1.0278749436730952]], [[-0.15557473872656719], [0.11098061596760753], [1.1242028435938927]], [[0.164325011158937], [0.1762377708754677], [0.4862764997014384]], [[-0.39558201341688143], [-0.1075541023421385], [1.1821328654384367]], [[-0.3827618895802108], [-0.1919607713662907], [0.10761104103534133]], [[-0.49220787970565616], [-0.47628493149041906], [0.0438225498915417]], [[-0.42003476818596497], [-0.5418498248192433], [0.8181147264491059]], [[-0.20021574711758736], [0.16519287274808506], [0.7746605766475789]]], "tvecs": [[[-0.006267156930862298], [-0.030349382118131863], [0.39449058643967155]], [[0.06105723387688663], [-0.0617311353154574], [0.3128799266836991]], [[0.03134757511066415], [-0.06124508597049998], [0.2229399775571962]], [[0.025616205525764258], [-0.061643793731228004], [0.2255016156292725]], [[-0.06638782472090826], [-0.04630820765580894], [0.178085628374742]], [[-0.058645092792883005], [-0.03789206740646065], [0.1863287280271223]], [[0.06519427972090294], [-0.12017899995481368], [0.5115970914054753]], [[0.11739734568654348], [-0.22313813422008186], [1.0494805947523744]], [[0.10962351809520762], [-0.10558927722291968], [0.6791570558813849]], [[0.0047337751614003115], [-0.07696880943696145], [0.29074422076756884]], [[0.06041682755723762], [-0.0874530563033804], [0.3127703781170914]], [[0.05870608932214936], [-0.12910046691192498], [0.5496612712712319]], [[-0.06951372150497918], [-0.07829971554092352], [0.34878818027537095]], [[0.02885832623747622], [-0.09104707416236997], [0.35882488591145023]], [[0.027534590870601124], [-0.08245702385173424], [0.3409269138990958]]]}